"","Term","Overlap","P-value","Adjusted P-value","Old P-value","Old Adjusted P-value","Odds Ratio","Combined Score","Genes","Source_Sheet","Source_DB"
"1","Arginine biosynthesis","6/22","2.3472056910959181E-17","1.6430439837671427E-16","0","0","3745.5","143417.89560986188","ARG2;CPS1;ARG1;ASL;ASS1;OTC","Urea-Cycle","kegg"
"2","Alanine, aspartate and glutamate metabolism","4/37","6.8987798741338331E-10","2.4145729559468417E-9","0","0","604.81818181818187","12758.340985311122","CPS1;CAD;ASL;ASS1","Urea-Cycle","kegg"
"3","Arginine and proline metabolism","3/50","8.1601679509225178E-7","1.9040391885485876E-6","0","0","254.61702127659575","3569.4329655314791","ARG2;ARG1;AGMAT","Urea-Cycle","kegg"
"4","Amoebiasis","2/102","7.0686620991638712E-4","1.2370158673536775E-3","0","0","66.306666666666672","481.03292886084796","ARG2;ARG1","Urea-Cycle","kegg"
"5","Nitrogen metabolism","1/17","6.7809060200976099E-3","9.4932684281366538E-3","0","0","178.35714285714286","890.65217521593831","CPS1","Urea-Cycle","kegg"
"6","Pyrimidine metabolism","1/56","2.2185389719098877E-2","2.5882954672282025E-2","0","0","51.784415584415584","197.21169430337935","CAD","Urea-Cycle","kegg"
"7","Fluid shear stress and atherosclerosis","1/139","5.4275189323567431E-2","5.4275189323567431E-2","0","0","20.552795031055901","59.884433789824605","ASS1","Urea-Cycle","kegg"
